{
    "degree": 3,
    "lambda": 1e-05,
    "w_bar_x": 8.973285028368016e-05,
    "rho_spec": 1.0002106479191177,
    "tightening_factor": 100.0,
    "margin_x": 0.008973285028368016,
    "margin_u": 6.661338147750939e-14,
    "IAE": 4.351203993596032,
    "Energy": 0.04201277690306985,
    "dt": 0.1,
    "N": 20
}