{
    "degree": 3,
    "lambda": 1e-05,
    "w_bar_x": 1.7933745539222557e-05,
    "rho_spec": 1.0002106479191177,
    "tightening_factor": 100.0,
    "margin_x": 0.0017933745539222556,
    "margin_u": 2.220446049250313e-14,
    "IAE": 0.5153796986548692,
    "Energy": 115.78237205193523,
    "dt": 0.1,
    "N": 20
}