{
    "degree": 3,
    "lambda": 1e-05,
    "w_bar": 0.001,
    "rho": 0.99,
    "e_bar": 0.09999999999999991,
    "IAE": 7.324391910218171,
    "Energy": 0.0,
    "dt": 0.1,
    "N": 20
}